{
  "project_info": {
    "project_number": "287771902051",
    "firebase_url": "https://child-growth-standards.firebaseio.com",
    "project_id": "child-growth-standards",
    "storage_bucket": "child-growth-standards.appspot.com"
  },
  "client": [
    {
      "client_info": {
        "mobilesdk_app_id": "1:287771902051:android:4378910a362e19b3",
        "android_client_info": {
          "package_name": "com.edxavier.childgrowthstandards"
        }
      },
      "oauth_client": [
        {
          "client_id": "287771902051-q0fcblohfvj7vsmsk6cthn68s5uidfe2.apps.googleusercontent.com",
          "client_type": 1,
          "android_info": {
            "package_name": "com.edxavier.childgrowthstandards",
            "certificate_hash": "b66fa15e0706a80bf1babc59045bc86b7516c297"
          }
        },
        {
          "client_id": "287771902051-lf18obh27glp8udhgn012flgkacrvi44.apps.googleusercontent.com",
          "client_type": 3
        }
      ],
      "api_key": [
        {
          "current_key": "AIzaSyCEVI2E3D2w7Jypew4hEr7mqf34_HlQ11A"
        }
      ],
      "services": {
        "analytics_service": {
          "status": 1
        },
        "appinvite_service": {
          "status": 2,
          "other_platform_oauth_client": [
            {
              "client_id": "287771902051-lf18obh27glp8udhgn012flgkacrvi44.apps.googleusercontent.com",
              "client_type": 3
            }
          ]
        },
        "ads_service": {
          "status": 2
        }
      }
    },
    {
      "client_info": {
        "mobilesdk_app_id": "1:287771902051:android:8d818659b332a869",
        "android_client_info": {
          "package_name": "com.nicrosoft.consumoelectrico"
        }
      },
      "oauth_client": [
        {
          "client_id": "287771902051-1mmvhs6rc2bm6t14nmo5ag9bhifq35im.apps.googleusercontent.com",
          "client_type": 1,
          "android_info": {
            "package_name": "com.nicrosoft.consumoelectrico",
            "certificate_hash": "462dad45da9bcca40f95fda9dfd68ecb0749b190"
          }
        },
        {
          "client_id": "287771902051-lf18obh27glp8udhgn012flgkacrvi44.apps.googleusercontent.com",
          "client_type": 3
        }
      ],
      "api_key": [
        {
          "current_key": "AIzaSyCEVI2E3D2w7Jypew4hEr7mqf34_HlQ11A"
        }
      ],
      "services": {
        "analytics_service": {
          "status": 1
        },
        "appinvite_service": {
          "status": 2,
          "other_platform_oauth_client": [
            {
              "client_id": "287771902051-lf18obh27glp8udhgn012flgkacrvi44.apps.googleusercontent.com",
              "client_type": 3
            }
          ]
        },
        "ads_service": {
          "status": 2
        }
      }
    },
    {
      "client_info": {
        "mobilesdk_app_id": "1:287771902051:android:615f009362edf3a8",
        "android_client_info": {
          "package_name": "com.edxavier.wheels_equivalent"
        }
      },
      "oauth_client": [
        {
          "client_id": "287771902051-603u0ki4n6hcuc96mckjj46pp8m2ibmq.apps.googleusercontent.com",
          "client_type": 1,
          "android_info": {
            "package_name": "com.edxavier.wheels_equivalent",
            "certificate_hash": "6820c92c151deb815cd657ed7fc1d9f08e0ffcaf"
          }
        },
        {
          "client_id": "287771902051-lf18obh27glp8udhgn012flgkacrvi44.apps.googleusercontent.com",
          "client_type": 3
        }
      ],
      "api_key": [
        {
          "current_key": "AIzaSyCEVI2E3D2w7Jypew4hEr7mqf34_HlQ11A"
        }
      ],
      "services": {
        "analytics_service": {
          "status": 1
        },
        "appinvite_service": {
          "status": 2,
          "other_platform_oauth_client": [
            {
              "client_id": "287771902051-lf18obh27glp8udhgn012flgkacrvi44.apps.googleusercontent.com",
              "client_type": 3
            }
          ]
        },
        "ads_service": {
          "status": 2
        }
      }
    }
  ],
  "configuration_version": "1"
}