[{"outputType":{"type":"APK"},"apkInfo":{"type":"FULL_SPLIT","splits":[{"filterType":"ABI","value":"x86_64"}],"versionCode":88,"versionName":"2.2.1.1809","enabled":true,"filterName":"x86_64","outputFile":"app-x86_64-release.apk","fullName":"x86_64Release","baseName":"x86_64-release"},"path":"app-x86_64-release.apk","properties":{}},{"outputType":{"type":"APK"},"apkInfo":{"type":"FULL_SPLIT","splits":[{"filterType":"ABI","value":"mips"}],"versionCode":68,"versionName":"2.2.1.1809","enabled":true,"filterName":"mips","outputFile":"app-mips-release.apk","fullName":"mipsRelease","baseName":"mips-release"},"path":"app-mips-release.apk","properties":{}},{"outputType":{"type":"APK"},"apkInfo":{"type":"FULL_SPLIT","splits":[{"filterType":"ABI","value":"x86"}],"versionCode":78,"versionName":"2.2.1.1809","enabled":true,"filterName":"x86","outputFile":"app-x86-release.apk","fullName":"x86Release","baseName":"x86-release"},"path":"app-x86-release.apk","properties":{}},{"outputType":{"type":"APK"},"apkInfo":{"type":"FULL_SPLIT","splits":[{"filterType":"ABI","value":"arm64-v8a"}],"versionCode":58,"versionName":"2.2.1.1809","enabled":true,"filterName":"arm64-v8a","outputFile":"app-arm64-v8a-release.apk","fullName":"arm64-v8aRelease","baseName":"arm64-v8a-release"},"path":"app-arm64-v8a-release.apk","properties":{}},{"outputType":{"type":"APK"},"apkInfo":{"type":"FULL_SPLIT","splits":[{"filterType":"ABI","value":"armeabi-v7a"}],"versionCode":48,"versionName":"2.2.1.1809","enabled":true,"filterName":"armeabi-v7a","outputFile":"app-armeabi-v7a-release.apk","fullName":"armeabi-v7aRelease","baseName":"armeabi-v7a-release"},"path":"app-armeabi-v7a-release.apk","properties":{}}]